Quarter,Buildings and Structures,"Equipment, Plant and Machinery"
1987-06-01,,
1987-09-01,,
1987-12-01,,
1988-03-01,124,423
1988-06-01,86,461
1988-09-01,69,465
1988-12-01,67,457
1989-03-01,71,402
1989-06-01,80,387
1989-09-01,90,363
1989-12-01,101,307
1990-03-01,122,295
1990-06-01,131,271
1990-09-01,128,252
1990-12-01,110,292
1991-03-01,87,296
1991-06-01,74,283
1991-09-01,70,316
1991-12-01,67,323
1992-03-01,67,364
1992-06-01,72,472
1992-09-01,80,541
1992-12-01,117,993
1993-03-01,151,1160
1993-06-01,191,1297
1993-09-01,240,1363
1993-12-01,293,1033
1994-03-01,396,952
1994-06-01,407,954
1994-09-01,390,1041
1994-12-01,357,1352
1995-03-01,306,1471
1995-06-01,309,1637
1995-09-01,358,1648
1995-12-01,378,1504
1996-03-01,394,1674
1996-06-01,411,1800
1996-09-01,401,1972
1996-12-01,427,2122
1997-03-01,497,2062
1997-06-01,476,2074
1997-09-01,439,1898
1997-12-01,445,1695
1998-03-01,341,1594
1998-06-01,334,1364
1998-09-01,332,1462
1998-12-01,274,1460
1999-03-01,278,1663
1999-06-01,330,1791
1999-09-01,387,1935
1999-12-01,392,2182
2000-03-01,356,2585
2000-06-01,273,2890
2000-09-01,193,3352
2000-12-01,227,3802
2001-03-01,262,3895
2001-06-01,333,3990
2001-09-01,367,3837
2001-12-01,389,3716
2002-03-01,371,3321
2002-06-01,309,3040
2002-09-01,277,2694
2002-12-01,193,2615
2003-03-01,175,2819
2003-06-01,266,2602
2003-09-01,395,2398
2003-12-01,561,1962
2004-03-01,743,1582
2004-06-01,834,1611
2004-09-01,884,1747
2004-12-01,960,1771
2005-03-01,989,1833
2005-06-01,1055,1798
2005-09-01,1172,1726
2005-12-01,1198,1719
2006-03-01,1264,1672
2006-06-01,1192,1730
2006-09-01,1120,1742
2006-12-01,,
2007-03-01,,
2007-06-01,,
2007-09-01,,
2007-12-01,,
2008-03-01,,
2008-06-01,,
2008-09-01,,
2008-12-01,,
2009-03-01,,
2009-06-01,4212,2119
2009-09-01,4222,1802
2009-12-01,3997,1804
2010-03-01,,
2010-06-01,,
2010-09-01,,
2010-12-01,,
2011-03-01,,
2011-06-01,,
2011-09-01,,
2011-12-01,,
2012-03-01,,
2012-06-01,,
2012-09-01,,
2012-12-01,3816,1446
2013-03-01,,
2013-06-01,,
2013-09-01,,
2013-12-01,,
2014-03-01,4299,1311
2014-06-01,4603,1383
2014-09-01,4568,1350
2014-12-01,4758,1324
2015-03-01,4851,1293
2015-06-01,4547,1264
2015-09-01,4630,1339
2015-12-01,4587,1428
2016-03-01,,
2016-06-01,,
2016-09-01,,
2016-12-01,,
2017-03-01,5629,1502
2017-06-01,6341,1468
2017-09-01,6635,1403
2017-12-01,6887,1352
2018-03-01,7007,1419
2018-06-01,6681,1419
2018-09-01,6499,1465
2018-12-01,6152,1521
2019-03-01,5620,1492
2019-06-01,5383,1516
2019-09-01,5091,1548
2019-12-01,4838,1575
2020-03-01,5024,1640
2020-06-01,5203,1649
2020-09-01,5051,1561
2020-12-01,5070,1496
2021-03-01,4967,1327
2021-06-01,5015,1334
2021-09-01,5260,1369
2021-12-01,5666,1454
2022-03-01,6012,1460
2022-06-01,5998,1452
2022-09-01,6129,1458
2022-12-01,6109,1485
2023-03-01,6065,1632
2023-06-01,6385,1701
2023-09-01,6444,1883
2023-12-01,6711,2031
2024-03-01,7129,2493
2024-06-01,7053,3155
2024-09-01,7279,3677
2024-12-01,7370,4558
2025-03-01,7439,4601
2025-06-01,7974,5030
2025-09-01,8418,6541
2025-12-01,9120,7314
2026-03-01,10135,11621
2026-06-01,11708,13081
