Year,Trade,"Agriculture, fisheries & forestry",Manufactures,Minerals & fuels,Other goods
2006,Total Exports,19,26,44.3,10.7
2007,Total Exports,16.6,27.2,44.2,11.9
2008,Total Exports,14.4,21.4,54.7,9.5
2009,Total Exports,15.9,19.9,52.9,11.3
2010,Total Exports,13.9,17.6,58.9,9.6
2011,Total Exports,14.3,16,61.2,8.6
2012,Total Exports,15.5,16.5,59.5,8.6
2013,Total Exports,15.8,15.7,60.7,7.8
2014,Total Exports,16.7,16.1,60,7.2
2015,Total Exports,19.8,17.8,54,8.4
2016,Total Exports,18.4,16.9,54.9,9.8
2017,Total Exports,17.8,14.9,59.5,7.8
2018,Total Exports,15.2,14.6,63.1,7.1
2019,Total Exports,13.5,14.1,64.9,7.5
2020,Total Exports,13.2,13.2,64.6,9
2021,Total Exports,13.1,10.8,68.5,7.6
2022,Total Exports,13.1,9.7,71,6.2
2023,Total Exports,13.9,10.7,68.5,6.8
2024,Total Exports,14.3,12.4,65,8.3
2025,Total Exports,15.7,13.2,58.8,12.4
2006,Total Imports,5.5,77.5,13.6,3.4
2007,Total Imports,5.7,77.3,13.5,3.5
2008,Total Imports,5.4,73,16.2,5.4
2009,Total Imports,6.2,73.5,13,7.4
2010,Total Imports,5.9,73.8,14.1,6.3
2011,Total Imports,5.8,71,17.4,5.8
2012,Total Imports,5.6,72.5,17.3,4.6
2013,Total Imports,6.3,72,17.8,3.9
2014,Total Imports,6.8,72.7,16.2,4.3
2015,Total Imports,7.3,77.2,11.3,4.3
2016,Total Imports,7.8,78.5,9.8,3.9
2017,Total Imports,7.1,78.1,10.9,4
2018,Total Imports,7.2,75,13.9,4
2019,Total Imports,7.7,75.7,12.9,3.7
2020,Total Imports,8.2,79.5,8.3,4.1
2021,Total Imports,7,78.6,11,3.4
2022,Total Imports,6.6,74.3,16.2,2.9
2023,Total Imports,6.4,75.5,15,3
2024,Total Imports,6.9,76.5,13.6,3.1
2025,Total Imports,6.9,75.4,12.1,5.6
