Year,China,United States of America,Japan,Singapore,Thailand
2006,25.4,24.6,17.3,10.7,6.3
2007,29,23.7,18,10.5,7.9
2008,35.3,26.8,20.2,16.2,10.2
2009,35.8,24.8,16.7,11.2,11.6
2010,39.2,25.9,18.2,10.6,11
2011,42,28.6,18,14.1,8.4
2012,44.4,30.5,19,14.5,10.2
2013,47.2,26.7,19,12.9,11.4
2014,52.1,28.7,17.2,12.7,10.9
2015,61.8,33,19.8,9.3,13.6
2016,59.5,29.7,19.6,7.1,14.6
2017,64.5,31.2,21.1,8.3,14.4
2018,74.9,33.2,22.8,11.5,14.9
2019,79.5,37.2,21.6,10.4,14.9
2020,84.6,34.8,17.8,7.4,14.3
2021,91.5,34.5,20.4,12.8,15.1
2022,111.8,43,24.6,19.5,17.4
2023,104.7,47.7,26.2,16.2,19.4
2024,110.4,51.7,25.2,15.1,20.2
2025,123.9,52.5,24.5,20,19.2
