Year,China,Japan,South Korea,United States of America,India
2006,20.4,32.4,12.4,10.1,8.8
2007,23.8,31.9,13.5,10,9.3
2008,32.3,50.8,18.4,12.1,13.5
2009,42.5,38.2,15.6,9.6,14.5
2010,58.4,43.6,20.5,9.2,16.4
2011,71.5,50.4,23.2,9.8,15.2
2012,68.1,47.8,19.8,9.4,12.2
2013,86.6,47.5,19.6,9.6,9.5
2014,83,48.2,20.4,11.9,8.9
2015,75.7,40.1,18.3,14.2,10.4
2016,82.3,36.3,18.2,12.4,11.4
2017,100.2,45,21.4,12.3,15.9
2018,118.7,56.3,24.4,13.4,16.8
2019,149.2,57.7,26,15.2,14.2
2020,147.8,44.9,24.1,19.6,10
2021,180,64.1,37.1,16.6,19.6
2022,175.6,118.6,53,20.8,29.4
2023,204.4,87.8,41.8,21.5,25.4
2024,179.3,72.6,39.2,24.4,25
2025,176.3,62,41.8,40.6,20.8
