Year,Goods (Exports),Goods (Imports),Services (Credits),Services (Debits)
2000,,,16.4,20.7
2001,,,12.8,18.2
2002,,,12.9,18
2003,,,12.5,18
2004,,,11.2,15.9
2005,,,11,15.6
2006,,,12.2,15.9
2007,,,11.4,17.7
2008,,,10.9,17.7
2009,,,10.3,17.7
2010,,,9.8,16.8
2011,,,10.1,18.3
2012,,,10.2,18.1
2013,,,11.3,18.7
2014,4.5,11.4,11.3,19.3
2015,5.7,12.4,11.9,20.7
2016,4.8,,12,20.9
2017,4.1,,11.5,22.3
2018,3.9,10.9,11.4,23.3
2019,3.9,12.1,11.3,24
2020,5.4,11.9,12.9,30.8
2021,3.6,10.5,15.4,33.4
2022,3.5,10.3,16.3,25.6
2023,3.8,11.5,13.2,24.3
2024,4.7,12,13,24.8
2025,7.8,11.4,13.6,25.6
