Year,Service,Exports to US (credits),Imports from US (debits)
2000,Maintenance and Repair services n.i.e,1.8,56.4
2001,Maintenance and Repair services n.i.e,0,51.8
2002,Maintenance and Repair services n.i.e,1.9,50.6
2003,Maintenance and Repair services n.i.e,1.3,48.1
2004,Maintenance and Repair services n.i.e,5.5,49.1
2005,Maintenance and Repair services n.i.e,4.8,51.8
2006,Maintenance and Repair services n.i.e,5.6,38.5
2007,Maintenance and Repair services n.i.e,6.2,31.6
2008,Maintenance and Repair services n.i.e,6.5,44.3
2009,Maintenance and Repair services n.i.e,10.3,43.8
2010,Maintenance and Repair services n.i.e,10.7,46.3
2011,Maintenance and Repair services n.i.e,17.1,39.8
2012,Maintenance and Repair services n.i.e,10,21.7
2013,Maintenance and Repair services n.i.e,9.1,9.9
2014,Maintenance and Repair services n.i.e,10.2,12.2
2015,Maintenance and Repair services n.i.e,11,25.5
2016,Maintenance and Repair services n.i.e,3.1,39.4
2017,Maintenance and Repair services n.i.e,4,38.1
2018,Maintenance and Repair services n.i.e,2.6,37.7
2019,Maintenance and Repair services n.i.e,6.8,48.2
2020,Maintenance and Repair services n.i.e,3.7,59.5
2021,Maintenance and Repair services n.i.e,2.6,59.4
2022,Maintenance and Repair services n.i.e,7.8,60.7
2023,Maintenance and Repair services n.i.e,10.5,54.1
2024,Maintenance and Repair services n.i.e,15.2,57.6
2025,Maintenance and Repair services n.i.e,1.2,59.3
2000,Transport,11,11.2
2001,Transport,9.8,8.4
2002,Transport,9.9,5.4
2003,Transport,10.8,5.8
2004,Transport,9.9,4.2
2005,Transport,10,3.8
2006,Transport,10.1,3.8
2007,Transport,10.3,3.9
2008,Transport,9.3,3.3
2009,Transport,10.9,2.5
2010,Transport,10.3,3.3
2011,Transport,11.3,4.6
2012,Transport,10.6,4.4
2013,Transport,10.4,4.4
2014,Transport,12.3,4.6
2015,Transport,12.7,5
2016,Transport,11.4,4.2
2017,Transport,11.6,3.5
2018,Transport,12.8,3.6
2019,Transport,12.7,3.1
2020,Transport,8.4,1.7
2021,Transport,3.3,1.1
2022,Transport,6.6,2.1
2023,Transport,7.2,3.3
2024,Transport,6.2,3.1
2025,Transport,7.4,2.5
2000,Travel,8.8,17.5
2001,Travel,7.5,13.3
2002,Travel,8.3,12.9
2003,Travel,7,12.2
2004,Travel,6.2,11.7
2005,Travel,5.8,12.1
2006,Travel,6.6,12
2007,Travel,5.6,12.7
2008,Travel,4.9,12.7
2009,Travel,4.4,13.6
2010,Travel,4.1,13.9
2011,Travel,4.3,15.1
2012,Travel,4.6,16.2
2013,Travel,4.8,16.7
2014,Travel,4.4,16.3
2015,Travel,4.4,17.2
2016,Travel,4.6,17.9
2017,Travel,4.4,18
2018,Travel,3.9,17.4
2019,Travel,3.8,17
2020,Travel,2.3,15.6
2021,Travel,0.9,8.5
2022,Travel,3,8.2
2023,Travel,3.7,6.6
2024,Travel,3.4,6.2
2025,Travel,3.4,5.4
2000,Construction,4,
2001,Construction,0,
2002,Construction,0,
2003,Construction,8.3,
2004,Construction,0,
2005,Construction,0,
2006,Construction,5,
2007,Construction,0,
2008,Construction,3.8,
2009,Construction,1.9,
2010,Construction,1.1,
2011,Construction,1.4,
2012,Construction,2,
2013,Construction,47.6,
2014,Construction,47.7,
2015,Construction,44.9,
2016,Construction,31.7,
2017,Construction,13.4,
2018,Construction,21.9,
2019,Construction,,
2020,Construction,,
2021,Construction,,
2022,Construction,,
2023,Construction,,
2024,Construction,,
2025,Construction,,
2000,Insurance and Pension services,1.3,20.8
2001,Insurance and Pension services,1.6,20.7
2002,Insurance and Pension services,1.7,18.8
2003,Insurance and Pension services,1.8,13.8
2004,Insurance and Pension services,2,8.4
2005,Insurance and Pension services,2.3,6.6
2006,Insurance and Pension services,2.6,5.8
2007,Insurance and Pension services,2.7,5.7
2008,Insurance and Pension services,2.6,4.6
2009,Insurance and Pension services,2.6,4.3
2010,Insurance and Pension services,2.4,2.4
2011,Insurance and Pension services,1.9,1.8
2012,Insurance and Pension services,2,1.4
2013,Insurance and Pension services,1.8,0.7
2014,Insurance and Pension services,1.9,1.2
2015,Insurance and Pension services,2,1.6
2016,Insurance and Pension services,1.9,4.5
2017,Insurance and Pension services,1.5,3.3
2018,Insurance and Pension services,1.7,3.6
2019,Insurance and Pension services,1.5,4.6
2020,Insurance and Pension services,2,4.4
2021,Insurance and Pension services,1.3,5.1
2022,Insurance and Pension services,1.9,5.8
2023,Insurance and Pension services,1.5,4.6
2024,Insurance and Pension services,2,4.6
2025,Insurance and Pension services,2.5,5.1
2000,Financial services,7,43.1
2001,Financial services,6.7,42.9
2002,Financial services,7.1,43.4
2003,Financial services,6.7,43.7
2004,Financial services,9.8,44.4
2005,Financial services,9.1,42.7
2006,Financial services,14,37.2
2007,Financial services,16,54.2
2008,Financial services,18.8,57
2009,Financial services,17.3,33
2010,Financial services,16.8,17.9
2011,Financial services,17.3,26.6
2012,Financial services,19.4,27.5
2013,Financial services,20.7,28.4
2014,Financial services,14.1,26
2015,Financial services,22.1,32.3
2016,Financial services,21,32.4
2017,Financial services,20.8,32.3
2018,Financial services,28.6,33
2019,Financial services,29.9,37.7
2020,Financial services,29.2,33.4
2021,Financial services,26.7,35.4
2022,Financial services,28.7,33.9
2023,Financial services,21.5,35.8
2024,Financial services,29.7,40.6
2025,Financial services,32,32.5
2000,Charges for the use of Intellectual Property n.i.e,60.8,53.8
2001,Charges for the use of Intellectual Property n.i.e,55,52.2
2002,Charges for the use of Intellectual Property n.i.e,50.7,53.3
2003,Charges for the use of Intellectual Property n.i.e,47.3,54.8
2004,Charges for the use of Intellectual Property n.i.e,40,56.6
2005,Charges for the use of Intellectual Property n.i.e,36.7,56.5
2006,Charges for the use of Intellectual Property n.i.e,40.9,56.7
2007,Charges for the use of Intellectual Property n.i.e,40.2,55.2
2008,Charges for the use of Intellectual Property n.i.e,39.2,46.7
2009,Charges for the use of Intellectual Property n.i.e,49.2,42.7
2010,Charges for the use of Intellectual Property n.i.e,50.5,43.9
2011,Charges for the use of Intellectual Property n.i.e,32,45.4
2012,Charges for the use of Intellectual Property n.i.e,33.6,46.2
2013,Charges for the use of Intellectual Property n.i.e,33.9,49.8
2014,Charges for the use of Intellectual Property n.i.e,29.6,45.9
2015,Charges for the use of Intellectual Property n.i.e,35,40.9
2016,Charges for the use of Intellectual Property n.i.e,41.9,45.2
2017,Charges for the use of Intellectual Property n.i.e,40.3,48.3
2018,Charges for the use of Intellectual Property n.i.e,39.9,51.6
2019,Charges for the use of Intellectual Property n.i.e,,54.5
2020,Charges for the use of Intellectual Property n.i.e,,58.7
2021,Charges for the use of Intellectual Property n.i.e,,59.3
2022,Charges for the use of Intellectual Property n.i.e,,64.3
2023,Charges for the use of Intellectual Property n.i.e,,67.7
2024,Charges for the use of Intellectual Property n.i.e,,69.4
2025,Charges for the use of Intellectual Property n.i.e,,73.2
2000,"Telecommunications, Computer and Information services",28.7,29.7
2001,"Telecommunications, Computer and Information services",24.5,22.6
2002,"Telecommunications, Computer and Information services",22.6,27.5
2003,"Telecommunications, Computer and Information services",26.4,30.2
2004,"Telecommunications, Computer and Information services",23.1,25.7
2005,"Telecommunications, Computer and Information services",26.6,25
2006,"Telecommunications, Computer and Information services",27.3,28.5
2007,"Telecommunications, Computer and Information services",24.5,31.5
2008,"Telecommunications, Computer and Information services",27.7,31.3
2009,"Telecommunications, Computer and Information services",28,29.2
2010,"Telecommunications, Computer and Information services",25,32.9
2011,"Telecommunications, Computer and Information services",23.5,30.1
2012,"Telecommunications, Computer and Information services",20.9,30.5
2013,"Telecommunications, Computer and Information services",22.8,30.7
2014,"Telecommunications, Computer and Information services",26.1,28.3
2015,"Telecommunications, Computer and Information services",30.8,28.8
2016,"Telecommunications, Computer and Information services",29.3,28.9
2017,"Telecommunications, Computer and Information services",24.6,28.9
2018,"Telecommunications, Computer and Information services",16.9,27.9
2019,"Telecommunications, Computer and Information services",13.5,24.6
2020,"Telecommunications, Computer and Information services",16.1,26
2021,"Telecommunications, Computer and Information services",19,25.9
2022,"Telecommunications, Computer and Information services",20.2,24.2
2023,"Telecommunications, Computer and Information services",16.1,25.2
2024,"Telecommunications, Computer and Information services",21.7,24.8
2025,"Telecommunications, Computer and Information services",20.2,29
2000,Other Business services,35.5,25.5
2001,Other Business services,32.9,28.6
2002,Other Business services,29.9,28.6
2003,Other Business services,29.7,29.2
2004,Other Business services,27.2,28.6
2005,Other Business services,27.3,28
2006,Other Business services,27.1,28.1
2007,Other Business services,25.3,32
2008,Other Business services,26,34.9
2009,Other Business services,23.7,32.1
2010,Other Business services,23.2,29.3
2011,Other Business services,25.7,29.8
2012,Other Business services,24,27.5
2013,Other Business services,27.2,27.7
2014,Other Business services,31.9,31.7
2015,Other Business services,32.3,33.6
2016,Other Business services,34.9,29.5
2017,Other Business services,34,33.8
2018,Other Business services,34.9,39.4
2019,Other Business services,34.4,39.7
2020,Other Business services,35,41
2021,Other Business services,37.6,46.2
2022,Other Business services,39,49.1
2023,Other Business services,39,51.9
2024,Other Business services,37.5,50.5
2025,Other Business services,35.3,48.6
2000,"Personal, Cultural and Recreational services",46.5,54.2
2001,"Personal, Cultural and Recreational services",20,54.7
2002,"Personal, Cultural and Recreational services",17.6,57.6
2003,"Personal, Cultural and Recreational services",17.3,53.3
2004,"Personal, Cultural and Recreational services",17.2,53.2
2005,"Personal, Cultural and Recreational services",20,51.4
2006,"Personal, Cultural and Recreational services",14.2,52
2007,"Personal, Cultural and Recreational services",10.1,53.7
2008,"Personal, Cultural and Recreational services",7.1,53.6
2009,"Personal, Cultural and Recreational services",6.3,59.9
2010,"Personal, Cultural and Recreational services",5.2,51.6
2011,"Personal, Cultural and Recreational services",4.3,56.1
2012,"Personal, Cultural and Recreational services",5.9,50.7
2013,"Personal, Cultural and Recreational services",6.2,51.4
2014,"Personal, Cultural and Recreational services",5.7,53.8
2015,"Personal, Cultural and Recreational services",6.1,63
2016,"Personal, Cultural and Recreational services",5.1,66.9
2017,"Personal, Cultural and Recreational services",7.7,69
2018,"Personal, Cultural and Recreational services",9.2,69.1
2019,"Personal, Cultural and Recreational services",10.1,70.7
2020,"Personal, Cultural and Recreational services",5.4,72.5
2021,"Personal, Cultural and Recreational services",3.4,73.4
2022,"Personal, Cultural and Recreational services",6.8,73
2023,"Personal, Cultural and Recreational services",14.9,73.5
2024,"Personal, Cultural and Recreational services",18.6,76.4
2025,"Personal, Cultural and Recreational services",18.9,79.7
2000,Government goods and services n.i.e,29.2,12.3
2001,Government goods and services n.i.e,28,12.4
2002,Government goods and services n.i.e,27.5,14.8
2003,Government goods and services n.i.e,26.7,14.2
2004,Government goods and services n.i.e,26.3,13.2
2005,Government goods and services n.i.e,25.4,13
2006,Government goods and services n.i.e,24.5,12.9
2007,Government goods and services n.i.e,24,12.2
2008,Government goods and services n.i.e,23.4,12.2
2009,Government goods and services n.i.e,23.2,12.1
2010,Government goods and services n.i.e,23,11.5
2011,Government goods and services n.i.e,22.6,11
2012,Government goods and services n.i.e,22,11.2
2013,Government goods and services n.i.e,20,11.4
2014,Government goods and services n.i.e,18.4,11.8
2015,Government goods and services n.i.e,21.8,12.8
2016,Government goods and services n.i.e,31.7,13.1
2017,Government goods and services n.i.e,31.8,15.7
2018,Government goods and services n.i.e,31.8,23.3
2019,Government goods and services n.i.e,31.7,25.8
2020,Government goods and services n.i.e,32,19.7
2021,Government goods and services n.i.e,32.3,17.7
2022,Government goods and services n.i.e,31.7,22.8
2023,Government goods and services n.i.e,31.2,23.8
2024,Government goods and services n.i.e,30.5,23.4
2025,Government goods and services n.i.e,31.8,23.6
2000,Total services,16.4,20.7
2001,Total services,12.8,18.2
2002,Total services,12.9,18
2003,Total services,12.5,18
2004,Total services,11.2,15.9
2005,Total services,11,15.6
2006,Total services,12.2,15.9
2007,Total services,11.4,17.7
2008,Total services,10.9,17.7
2009,Total services,10.3,17.7
2010,Total services,9.8,16.8
2011,Total services,10.1,18.3
2012,Total services,10.2,18.1
2013,Total services,11.3,18.7
2014,Total services,11.3,19.3
2015,Total services,11.9,20.7
2016,Total services,12,20.9
2017,Total services,11.5,22.3
2018,Total services,11.4,23.3
2019,Total services,11.3,24
2020,Total services,12.9,30.8
2021,Total services,15.4,33.4
2022,Total services,16.3,25.6
2023,Total services,13.2,24.3
2024,Total services,13,24.8
2025,Total services,13.6,25.6
