Year,Manufactures,Minerals & fuels,"Agriculture, fisheries & forestry",Other goods
2006,77.5,13.6,5.5,3.4
2007,77.3,13.5,5.7,3.5
2008,73,16.2,5.4,5.4
2009,73.5,13,6.2,7.4
2010,73.8,14.1,5.9,6.3
2011,71,17.4,5.8,5.8
2012,72.5,17.3,5.6,4.6
2013,72,17.8,6.3,3.9
2014,72.7,16.2,6.8,4.3
2015,77.2,11.3,7.3,4.3
2016,78.5,9.8,7.8,3.9
2017,78.1,10.9,7.1,4
2018,75,13.9,7.2,4
2019,75.7,12.9,7.7,3.7
2020,79.5,8.3,8.2,4.1
2021,78.6,11,7,3.4
2022,74.3,16.2,6.6,2.9
2023,75.5,15,6.4,3
2024,76.5,13.6,6.9,3.1
2025,75.4,12.1,6.9,5.6
